{
	"class_name" : "ViewTrajectory",
	"interval" : 29,
	"is_loop" : false,
	"trajectory" : 
	[
		{
			"boundingbox_max" : [ 0.46373459020460112, 0.28200291145928807, 0.72299999999999998 ],
			"boundingbox_min" : [ -0.49805955757843762, -0.26050812512805027, 0.0 ],
			"field_of_view" : 60.0,
			"front" : [ 0.041343741218442788, -0.90925042208280826, -0.41419121792270958 ],
			"lookat" : [ 0.0066132525599906624, -0.032423139055743178, 0.65139845495578463 ],
			"up" : [ -0.0082764769309496868, 0.41421977866058934, -0.91013926126499112 ],
			"zoom" : 0.41999999999999971
		}
	],
	"version_major" : 1,
	"version_minor" : 0
}